{
  "timestamp": "2024-12-19T16:16:01.247342",
  "io_wait": {
    "current": 1357336,
    "avg": 22762.166666666668
  },
  "cpu_usage": {
    "current": 3.1,
    "avg": 0.10333333333333333
  },
  "memory_mapped": {
    "current": 105639936,
    "avg": 106802176.0
  },
  "write_throughput": {
    "current": 240.55343435095168,
    "peak": 23333.469839097535
  },
  "write_latency": {
    "current": 349.1947650909424,
    "avg": 33.592466513315806
  },
  "queue_size": {
    "current": 384,
    "avg": 354.5
  },
  "error_rate": {
    "current": 0.0,
    "total_errors": 0
  },
  "total_stats": {
    "bytes_written": 2559647,
    "operations": 22968
  }
}