{
  "timestamp": "2024-12-19T15:35:51.534538",
  "io_wait": {
    "current": 1422254,
    "avg": 1278675.892857143
  },
  "cpu_usage": {
    "current": 59.4,
    "avg": 58.260714285714286
  },
  "memory_mapped": {
    "current": 99115008,
    "avg": 90669202.28571428
  },
  "write_throughput": {
    "current": 718.5381360251987,
    "peak": 327.8726251672858
  },
  "write_latency": {
    "current": 680.5484294891357,
    "avg": 29.37163559844208
  },
  "queue_size": {
    "current": 489,
    "avg": 504.5
  },
  "error_rate": {
    "current": 0.0,
    "total_errors": 0
  },
  "total_stats": {
    "bytes_written": 599365,
    "operations": 5378
  }
}