{
  "timestamp": "2024-12-19T15:47:31.282545",
  "io_wait": {
    "current": 143,
    "avg": 977351.3888888889
  },
  "cpu_usage": {
    "current": 97.2,
    "avg": 54.02222222222222
  },
  "memory_mapped": {
    "current": 90107904,
    "avg": 83598904.8888889
  },
  "write_throughput": {
    "current": 843.8143711189559,
    "peak": 214.40739871722715
  },
  "write_latency": {
    "current": 814.1601085662842,
    "avg": 22.283679080673007
  },
  "queue_size": {
    "current": 687,
    "avg": 722.5
  },
  "error_rate": {
    "current": 0.0,
    "total_errors": 0
  },
  "total_stats": {
    "bytes_written": 442869,
    "operations": 3974
  }
}