{
  "timestamp": "2024-12-19T16:03:05.731754",
  "io_wait": {
    "current": 211,
    "avg": 792292.3333333334
  },
  "cpu_usage": {
    "current": 100.0,
    "avg": 48.986666666666665
  },
  "memory_mapped": {
    "current": 89309184,
    "avg": 81101346.13333334
  },
  "write_throughput": {
    "current": 382.78497428650684,
    "peak": 175.9313640571513
  },
  "write_latency": {
    "current": 1387.2017860412598,
    "avg": 25.225405373231848
  },
  "queue_size": {
    "current": 531,
    "avg": 566.5
  },
  "error_rate": {
    "current": 0.0,
    "total_errors": 0
  },
  "total_stats": {
    "bytes_written": 318959,
    "operations": 2862
  }
}